,hits@10,mrr
0,2.1886307925761644e-05,0.00015035388059914112
