,hits@10,mrr
0,7.295435975253881e-06,6.795515946578234e-05
