,hits@10,mrr
0,0.2001211042371892,0.1888848841190338
