,hits@10,mrr
0,1.4590871950507763e-05,7.361886673606932e-05
