,hits@10,mrr
0,3.647717987626941e-05,6.702450627926737e-05
