,hits@10,mrr
0,0.00037936267071320183,0.0004725331091322005
