,hits@10,mrr
0,0.0004742033383915023,0.0004949558060616255
