,hits@10,mrr
0,2.9181743901015526e-05,0.00014045934949535877
