,hits@10,mrr
0,0.21001371541963348,0.20044323801994324
