,hits@10,mrr
0,0.00010943153962880822,0.0002039362007053569
