,hits@10,mrr
0,0.1995885374109957,0.17806214094161987
