,hits@10,mrr
0,2.1886307925761644e-05,7.16408176231198e-05
