,epoch,hits@10,mrr
0,100,0.16877417794970986,0.06259693205356598
